CONTACT_ID,FIRST_NAME,LAST_NAME,GOC_DESCRIPTION,SOE_ID,PHONE,EMAIL
1,Abraham,Stratton,Sales Department,as12345,949-765-1234,abraham.stratton@dealservices.com
2,Bart,Thatcher,Investment Advisory,bt67890,949-765-5678,bart.thatcher@dealservices.com
3,Carol,Uberman,Sales Department,cu10295,949-765-9012,carol.uberman@dealservices.com
4,Derek,Volpey,Investment Advisory,dv28476,949-765-3456,derek.volpey@dealservices.com
5,Eric,Wattson,Sales Department,ew57483,949-765-7890,eric.wattson@dealservices.com
6,Frank,Yardley,Investment Advisory,fy20471,949-656-1234,frank.yardley@dealservices.com
7,Gregory,Zimmerman,Sales Department,gz55229,949-656-5678,gregory.zimmerman@dealservices.com
8,Harry,Aebersold,Investment Advisory,ha32415,949-656-9012,harry.aebersold@dealservices.com
9,Ivy,Boston,Sales Department,ib02954,949-656-0123,ivy.boston@dealservices.com
10,John,Chambers,Investment Advisory,jc74748,949-767-6428,john.chambers@dealservices.com